<?xml version="1.0" encoding="UTF-8"?>
<!DOCTYPE module PUBLIC "-//Puppy Crawl//DTD Check Configuration 1.3//EN" "http://www.puppycrawl.com/dtds/configuration_1_3.dtd">

<!--
    This configuration file was written by the eclipse-cs plugin configuration editor
-->
<!--
    Checkstyle-Configuration: StanfyAndroidCheckstyle
    Description: none
-->
<module name="Checker">
  <property name="severity" value="warning"/>
  <module name="TreeWalker">
    <module name="JavadocType"/>
    <module name="JavadocVariable"/>
    <module name="JavadocStyle"/>
    <module name="ConstantName"/>
    <module name="LocalFinalVariableName"/>
    <module name="LocalVariableName"/>
    <module name="MemberName"/>
    <module name="MethodName"/>
    <module name="PackageName"/>
    <module name="ParameterName"/>
    <module name="StaticVariableName"/>
    <module name="TypeName"/>
    <module name="AvoidStarImport"/>
    <module name="IllegalImport"/>
    <module name="RedundantImport"/>
    <module name="UnusedImports"/>
    <module name="LineLength">
      <property name="severity" value="ignore"/>
      <metadata name="net.sf.eclipsecs.core.lastEnabledSeverity" value="inherit"/>
    </module>
    <module name="MethodLength">
      <property name="severity" value="ignore"/>
      <metadata name="net.sf.eclipsecs.core.lastEnabledSeverity" value="inherit"/>
    </module>
    <module name="ParameterNumber">
      <property name="severity" value="ignore"/>
      <property name="max" value="20"/>
      <metadata name="net.sf.eclipsecs.core.lastEnabledSeverity" value="inherit"/>
    </module>
    <module name="EmptyForIteratorPad"/>
    <module name="GenericWhitespace"/>
    <module name="MethodParamPad"/>
    <module name="NoWhitespaceAfter"/>
    <module name="NoWhitespaceBefore"/>
    <module name="OperatorWrap"/>
    <module name="ParenPad"/>
    <module name="WhitespaceAfter">
      <property name="tokens" value="COMMA,SEMI"/>
    </module>
    <module name="WhitespaceAround"/>
    <module name="ModifierOrder"/>
    <module name="RedundantModifier"/>
    <module name="AvoidNestedBlocks"/>
    <module name="EmptyBlock"/>
    <module name="LeftCurly"/>
    <module name="NeedBraces"/>
    <module name="RightCurly"/>
    <module name="DoubleCheckedLocking"/>
    <module name="EmptyStatement"/>
    <module name="EqualsHashCode"/>
    <module name="IllegalInstantiation"/>
    <module name="InnerAssignment"/>
    <module name="MagicNumber">
      <property name="ignoreNumbers" value="-1, 0, 1, 2, 3"/>
    </module>
    <module name="MissingSwitchDefault"/>
    <module name="RedundantThrows"/>
    <module name="SimplifyBooleanExpression"/>
    <module name="SimplifyBooleanReturn"/>
    <module name="FinalClass"/>
    <module name="HideUtilityClassConstructor"/>
    <module name="InterfaceIsType"/>
    <module name="ArrayTypeStyle"/>
    <module name="FinalParameters"/>
    <module name="TodoComment"/>
    <module name="UpperEll"/>
    <module name="RegexpSinglelineJava">
      <property name="format" value="[^\s]\s+$"/>
      <property name="message" value="Line has trailing spaces."/>
      <property name="ignoreCase" value="true"/>
      <property name="ignoreComments" value="true"/>
    </module>
    <module name="DefaultComesLast"/>
    <module name="EqualsAvoidNull"/>
    <module name="FallThrough"/>
    <module name="ModifiedControlVariable">
      <property name="severity" value="ignore"/>
      <metadata name="net.sf.eclipsecs.core.lastEnabledSeverity" value="inherit"/>
    </module>
    <module name="PackageDeclaration"/>
    <module name="StringLiteralEquality"/>
    <module name="MissingOverride">
      <property name="severity" value="ignore"/>
      <metadata name="net.sf.eclipsecs.core.lastEnabledSeverity" value="inherit"/>
    </module>
    <module name="MissingDeprecated"/>
    <module name="MissingOverride">
      <property name="severity" value="ignore"/>
      <metadata name="net.sf.eclipsecs.core.lastEnabledSeverity" value="inherit"/>
    </module>
    <module name="NoWhitespaceAfter">
      <property name="tokens" value="ARRAY_INIT,BNOT,DEC,DOT,INC,LNOT,UNARY_MINUS,UNARY_PLUS"/>
    </module>
    <module name="VisibilityModifier">
      <property name="packageAllowed" value="true"/>
    </module>
    <module name="JavadocMethod">
      <property name="severity" value="ignore"/>
      <property name="logLoadErrors" value="true"/>
      <property name="suppressLoadErrors" value="true"/>
      <metadata name="net.sf.eclipsecs.core.lastEnabledSeverity" value="inherit"/>
    </module>
  </module>
  <module name="JavadocPackage">
    <property name="severity" value="ignore"/>
    <property name="allowLegacy" value="true"/>
    <metadata name="net.sf.eclipsecs.core.lastEnabledSeverity" value="inherit"/>
  </module>
  <module name="NewlineAtEndOfFile"/>
  <module name="Translation"/>
  <module name="FileTabCharacter"/>
</module>
